actual,predicted,error,direction_correct,absolute_error
0.006187932975647348,-0.0020104047008938945,0.008198337676541243,False,0.008198337676541243
0.007221346443087695,0.0013427144300231335,0.0058786320130645615,True,0.0058786320130645615
0.012100971832006646,-0.0016825779575095658,0.013783549789516212,False,0.013783549789516212
0.014198565318178424,-0.0012992947022739077,0.015497860020452333,False,0.015497860020452333
0.02562912323994282,0.003226154832723636,0.022402968407219184,True,0.022402968407219184
0.030644039553262115,0.0053368094758981625,0.025307230077363952,True,0.025307230077363952
0.04633878380159784,0.0035881680105056624,0.04275061579109218,True,0.04275061579109218
0.02685021802205756,0.00288450753470636,0.0239657104873512,True,0.0239657104873512
0.025550592601158995,0.004002383814010764,0.02154820878714823,True,0.02154820878714823
0.002329803893026172,0.006423785024058252,-0.00409398113103208,True,0.00409398113103208
-0.017394651884417245,0.004686458265687574,-0.02208111015010482,False,0.02208111015010482
-0.00272067775237661,0.005806007520769842,-0.008526685273146452,False,0.008526685273146452
0.005344916382031384,0.007392899209428331,-0.0020479828273969472,True,0.0020479828273969472
0.00610901958530885,0.00031197578042206457,0.005797043804886786,True,0.005797043804886786
0.022631420853940654,0.00013436795126622273,0.022497052902674432,True,0.022497052902674432
0.041451936267788314,0.0014272841983118735,0.04002465206947644,True,0.04002465206947644
0.02475489839343159,-0.00019844673975072998,0.02495334513318232,False,0.02495334513318232
-9.988104064762027e-05,0.00018131176259640527,-0.00028119280324402553,False,0.00028119280324402553
0.015692285321741384,0.000563671381364373,0.015128613940377011,True,0.015128613940377011
0.026102131522332428,0.0002826995958971749,0.025819431926435252,True,0.025819431926435252
0.029722147132332122,-0.0011268158492513673,0.03084896298158349,False,0.03084896298158349
0.016441498862920012,-0.0003202176794951431,0.016761716542415154,False,0.016761716542415154
0.023065924734144483,0.0014560662304113608,0.02160985850373312,True,0.02160985850373312
0.02142780113212428,0.0013955959460143,0.02003220518610998,True,0.02003220518610998
-0.00036514561149914027,0.0013208213592917704,-0.0016859669707909107,False,0.0016859669707909107
-0.023249637763905318,-0.0001799297414614722,-0.023069708022443847,True,0.023069708022443847
-0.010452144736280311,0.000964381123232642,-0.011416525859512952,False,0.011416525859512952
0.007320197834871367,0.000701674295438592,0.006618523539432775,True,0.006618523539432775
-0.00614184029022391,0.00033228637838526474,-0.006474126668609175,False,0.006474126668609175
0.008109317645355274,-0.001083775455482815,0.009193093100838089,False,0.009193093100838089
0.0029233105453836394,-0.001894875784460649,0.0048181863298442885,False,0.0048181863298442885
-0.0019114909699780025,0.0005344308503961205,-0.002445921820374123,False,0.002445921820374123
-0.03328239080662565,-0.000995880341801268,-0.032286510464824385,True,0.032286510464824385
-0.03417024880188524,-0.0005909890572211758,-0.03357925974466407,True,0.03357925974466407
-0.03217572722084949,-0.0009414158725085183,-0.031234311348340975,True,0.031234311348340975
-0.02914664956294921,0.0009747033640886617,-0.030121352927037874,False,0.030121352927037874
-0.023400401555759065,-0.00016415631233483588,-0.023236245243424228,True,0.023236245243424228
-0.007091318887519349,-0.001393819309032452,-0.005697499578486897,True,0.005697499578486897
-0.00953470468599027,-0.00013573858240166622,-0.009398966103588603,True,0.009398966103588603
-0.007113190755410392,-0.0009112854358588967,-0.006201905319551495,True,0.006201905319551495
0.019703218929687738,0.005610985217209978,0.01409223371247776,True,0.01409223371247776
0.016946063571149805,-0.000137999288408078,0.017084062859557884,False,0.017084062859557884
0.005072666063877795,0.005614843024207828,-0.0005421769603300326,True,0.0005421769603300326
0.01058931689240672,0.0036264113486142507,0.006962905543792469,True,0.006962905543792469
-0.01571102111354261,-0.003352409032876461,-0.01235861208066615,True,0.01235861208066615
-0.045226270363198595,-0.002916941191108663,-0.04230932917208993,True,0.04230932917208993
-0.04724705183077982,0.0018236585022926638,-0.04907071033307248,False,0.04907071033307248
-0.01642112223018166,-0.0021736169709286202,-0.014247505259253041,True,0.014247505259253041
-0.02416541293503105,-0.004061820956717414,-0.020103591978313635,True,0.020103591978313635
0.011620190997504443,0.002824107056899962,0.008796083940604481,True,0.008796083940604481
0.014429279988662502,0.004471228677269257,0.009958051311393245,True,0.009958051311393245
0.025645471671694064,0.005112944092012668,0.020532527579681395,True,0.020532527579681395
0.022215457348954804,-0.004996519453593921,0.027211976802548724,False,0.027211976802548724
0.011114015089748852,-0.0026347606786244924,0.013748775768373345,False,0.013748775768373345
-0.0036339351048000346,0.0017570461512690992,-0.005390981256069134,False,0.005390981256069134
0.014769677039051743,-4.086423162986963e-05,0.014810541270681613,False,0.014810541270681613
0.00698444015544486,0.0017161691956156723,0.005268270959829188,True,0.005268270959829188
-0.008297395785882289,0.0038461971442101863,-0.012143592930092475,False,0.012143592930092475
0.023565024613928065,-0.0006236108236971974,0.024188635437625262,False,0.024188635437625262
0.026782401477427387,-0.0039015514817522558,0.030683952959179642,False,0.030683952959179642
0.03446628420923492,-0.003621687630520178,0.0380879718397551,False,0.0380879718397551
0.036469868565045305,0.0021949431475502103,0.03427492541749509,True,0.03427492541749509
0.03303815535743415,0.0025737330906840344,0.030464422266750116,True,0.030464422266750116
0.015572421200964914,0.0052429901277139795,0.010329431073250935,True,0.010329431073250935
0.013599024651585356,0.007184289673373425,0.006414734978211932,True,0.006414734978211932
0.0005372124383542509,0.0065932447672376005,-0.00605603232888335,True,0.00605603232888335
-0.002993034413683593,0.002728730552945555,-0.005721764966629148,False,0.005721764966629148
-0.0015170884689946762,0.0031629835324990018,-0.004680072001493678,False,0.004680072001493678
0.014401234533801821,0.0024475140048948124,0.01195372052890701,True,0.01195372052890701
0.007991445039236433,0.002489990480368999,0.005501454558867434,True,0.005501454558867434
0.010571170224107584,0.0020289521990730862,0.008542218025034498,True,0.008542218025034498
0.01095874527734364,0.0015045275937450205,0.00945421768359862,True,0.00945421768359862
0.014924563471634622,0.0012136343003644084,0.013710929171270213,True,0.013710929171270213
-0.0038454095653412956,5.216215814736469e-06,-0.003850625781156032,False,0.003850625781156032
-0.0006303227209274453,7.3946264195557e-05,-0.0007042689851230024,False,0.0007042689851230024
-0.00316493759991221,-0.00026649305119883816,-0.0028984445487133716,True,0.0028984445487133716
-0.019627800437309828,-0.0005120865473985368,-0.01911571388991129,True,0.01911571388991129
-0.023615266394619305,0.0003850198823603301,-0.024000286276979636,False,0.024000286276979636
0.0012868282697531264,-0.0002869843614227256,0.001573812631175852,False,0.001573812631175852
0.009048812579445897,0.0008748985496758877,0.00817391402977001,True,0.00817391402977001
0.006979728153668319,0.0012350869499544695,0.00574464120371385,True,0.00574464120371385
0.011721803040971368,-0.00021130769312655484,0.011933110734097923,False,0.011933110734097923
0.009051639693071989,0.0011235181460447186,0.00792812154702727,True,0.00792812154702727
-0.01765232850883469,9.707252434336964e-05,-0.017749401033178062,False,0.017749401033178062
-0.00793399968723918,-0.0006595785900052383,-0.007274421097233941,True,0.007274421097233941
-0.006666508423654571,0.00021041380968689046,-0.006876922233341461,False,0.006876922233341461
0.00021914399991596056,0.0019265724089276624,-0.0017074284090117019,True,0.0017074284090117019
0.011837526908063056,0.0003382141967521405,0.011499312711310916,True,0.011499312711310916
0.01727825522874893,0.002064836383509809,0.01521341884523912,True,0.01521341884523912
-0.002520329295974677,-5.6714569451292354e-05,-0.0024636147265233847,True,0.0024636147265233847
0.0006542518881293979,0.0002091755447186385,0.00044507634341075944,True,0.00044507634341075944
-0.0016547573579478447,0.00042298582970038377,-0.0020777431876482285,False,0.0020777431876482285
0.0057648697598324805,0.0005398207481009719,0.005225049011731509,True,0.005225049011731509
0.017227715564979817,0.0011828838711425553,0.01604483169383726,True,0.01604483169383726
0.017080113867425695,0.0005209217225323024,0.016559192144893393,True,0.016559192144893393
0.013994907619988117,0.001284799367554179,0.012710108252433938,True,0.012710108252433938
0.009360059781936991,0.004075274220908098,0.005284785561028894,True,0.005284785561028894
-0.009970379694842824,0.00030189895288249696,-0.01027227864772532,False,0.01027227864772532
-0.010924834301775488,0.00019553518462797756,-0.011120369486403466,False,0.011120369486403466
0.0033443992618942264,0.0012476169027955616,0.002096782359098665,True,0.002096782359098665
0.0033188847099507868,0.0016464033340457596,0.0016724813759050271,True,0.0016724813759050271
0.009080267991398383,0.0008027623696826166,0.008277505621715767,True,0.008277505621715767
0.02610130791585208,0.0015008761338598472,0.02460043178199223,True,0.02460043178199223
0.03200290812463047,0.0006622605878180362,0.031340647536812434,True,0.031340647536812434
0.0168563754183364,0.0009276789701381694,0.01592869644819823,True,0.01592869644819823
0.0186825600331606,0.0011497907835716734,0.017532769249588926,True,0.017532769249588926
0.020820736249296923,0.00034727211653528753,0.020473464132761635,True,0.020473464132761635
0.01732966027685956,0.0016089271446211833,0.015720733132238377,True,0.015720733132238377
0.004626956881718325,0.0011930894615304504,0.0034338674201878742,True,0.0034338674201878742
0.01568703974062946,0.0005984949116768711,0.01508854482895259,True,0.01508854482895259
0.020162105617076653,0.00020228609791465325,0.019959819519162002,True,0.019959819519162002
0.024920944336471074,-0.0010962099819566695,0.026017154318427743,False,0.026017154318427743
0.03138913405414501,-5.730261087823901e-05,0.031446436665023246,False,0.031446436665023246
0.02603495375616105,-0.0009882067242593172,0.027023160480420368,False,0.027023160480420368
0.011535172373660973,-0.0008734590686698619,0.012408631442330835,False,0.012408631442330835
-0.0002390855312510709,-0.002057915208712289,0.0018188296774612183,True,0.0018188296774612183
0.0021763402896139983,-0.0016859039539962404,0.0038622442436102387,False,0.0038622442436102387
-0.01757977340491701,-0.003631224212457906,-0.013948549192459104,True,0.013948549192459104
-0.018249613898212003,-0.004753170957558829,-0.013496442940653174,True,0.013496442940653174
-0.0023101548161470475,-0.004977701717880284,0.0026675469017332365,True,0.0026675469017332365
0.0033339050384071367,-0.0037270655546136726,0.007060970593020809,False,0.007060970593020809
0.0036654402690305954,-0.002720153561472439,0.006385593830503035,False,0.006385593830503035
0.02324498584576018,-0.006197967303404701,0.029442953149164883,False,0.029442953149164883
0.028624982744498206,-0.005982874927847007,0.03460785767234521,False,0.03460785767234521
0.015957020653006193,-0.005426807556347699,0.021383828209353892,False,0.021383828209353892
0.007493121971008376,-0.00438303844333404,0.011876160414342416,False,0.011876160414342416
0.0010043869359741553,-0.0040892314029588464,0.005093618338933002,False,0.005093618338933002
-0.008166474219161945,-0.00485906198227495,-0.0033074122368869953,True,0.0033074122368869953
-0.002996880023915849,-0.004419739440283996,0.0014228594163681468,True,0.0014228594163681468
0.006521829186670658,-0.004880908045205713,0.011402737231876372,False,0.011402737231876372
0.022517420845338698,-0.00623512280840979,0.028752543653748488,False,0.028752543653748488
0.024467048032877692,-0.00517547602027895,0.029642524053156642,False,0.029642524053156642
0.025428907874007756,-0.0075084475769601235,0.032937355450967876,False,0.032937355450967876
0.026510858052076758,-0.004886993160035992,0.03139785121211275,False,0.03139785121211275
0.020582123557062904,-0.005014677674148591,0.025596801231211493,False,0.025596801231211493
0.005827855677042804,-0.004588351003846907,0.01041620668088971,False,0.01041620668088971
0.006454495319240694,-0.0058670995120682305,0.012321594831308924,False,0.012321594831308924
0.007452690521284833,-0.005831222210974256,0.013283912732259089,False,0.013283912732259089
0.0027522589232591432,-0.00815684292619507,0.010909101849454213,False,0.010909101849454213
0.0006808462789449354,-0.008217914522888226,0.008898760801833161,False,0.008898760801833161
0.0006856731758686507,-0.0055838448164414415,0.006269517992310092,False,0.006269517992310092
0.010482701198750721,-0.0045496829613037295,0.015032384160054452,False,0.015032384160054452
0.007904048424887566,-0.0029876398071835104,0.010891688232071078,False,0.010891688232071078
0.002283369055056106,-0.014567554054708613,0.01685092310976472,False,0.01685092310976472
-0.01181087806868597,-0.012495423774939,0.00068454570625303,True,0.00068454570625303
-0.008066448734807219,-0.011041354384293343,0.0029749056494861245,True,0.0029749056494861245
-0.022126533709559748,-0.009457874439769249,-0.0126686592697905,True,0.0126686592697905
-0.015465756811250952,-0.013551241609508241,-0.0019145152017427114,True,0.0019145152017427114
-0.016933840610942497,-0.013514118848049015,-0.0034197217628934816,True,0.0034197217628934816
-0.009730530148134298,-0.011516555663211393,0.0017860255150770957,True,0.0017860255150770957
-0.006527909003761434,-0.013740237134671554,0.00721232813091012,True,0.00721232813091012
-0.002596042873175719,-0.0072765066310367405,0.0046804637578610215,True,0.0046804637578610215
-0.0057686114463147975,-0.012217587488448391,0.006448976042133594,True,0.006448976042133594
-0.013058576803117838,-0.01103247410693264,-0.002026102696185198,True,0.002026102696185198
-0.013707210729590136,-0.002060092314185041,-0.011647118415405094,True,0.011647118415405094
-0.021573806918991245,-0.0027792788526510856,-0.01879452806634016,True,0.01879452806634016
-0.020531859661217733,-0.001928009662074696,-0.018603849999143038,True,0.018603849999143038
-0.01957099894244163,-0.005297127190878481,-0.014273871751563149,True,0.014273871751563149
-0.010702441298906185,0.004061564409705088,-0.014764005708611272,False,0.014764005708611272
0.007710824497586977,0.004554716906005018,0.0031561075915819588,True,0.0031561075915819588
0.0013751606973293473,0.008030451016749294,-0.0066552903194199466,True,0.0066552903194199466
0.007949569796716238,0.009874154007992932,-0.001924584211276694,True,0.001924584211276694
0.007784553868724453,0.001105278012981518,0.006679275855742935,True,0.006679275855742935
0.025128439397768876,0.0014239076133911897,0.023704531784377685,True,0.023704531784377685
0.01801226767750541,-0.004633290710253072,0.02264555838775848,False,0.02264555838775848
0.030808623678065583,0.0014796344180091152,0.02932898926005647,True,0.02932898926005647
0.02550183345998769,-0.00034822152886467396,0.025850054988852362,False,0.025850054988852362
0.01463519238268951,0.0003742684788678773,0.014260923903821634,True,0.014260923903821634
-0.006545557221764753,0.00383145456060362,-0.010377011782368373,False,0.010377011782368373
-0.013658245702427685,0.007167760765974432,-0.020826006468402117,False,0.020826006468402117
-0.010724965999734049,0.004425175240468964,-0.015150141240203013,False,0.015150141240203013
-0.00607276449158245,0.003888988427366718,-0.009961752918949168,False,0.009961752918949168
-0.007234341505846675,0.002647654077436362,-0.009881995583283038,False,0.009881995583283038
0.0006499395908092787,0.0002774334759438452,0.00037250611486543345,True,0.00037250611486543345
0.01238617307871226,0.0021225111453451045,0.010263661933367155,True,0.010263661933367155
-0.0013155378996895228,0.0022043921440770492,-0.003519930043766572,False,0.003519930043766572
-0.00725877997654123,0.001861524716364709,-0.009120304692905938,False,0.009120304692905938
-0.0038530496674169523,0.0019673777060175467,-0.005820427373434499,False,0.005820427373434499
-0.01416038601672942,0.002166846801159031,-0.016327232817888452,False,0.016327232817888452
-0.03874299217174604,0.0013516108225786105,-0.04009460299432465,False,0.04009460299432465
-0.029208048261962216,0.003269692934717801,-0.03247774119668002,False,0.03247774119668002
-0.025697061227125784,0.0021009971323154367,-0.02779805835944122,False,0.02779805835944122
-0.03801585983086486,0.0013416863924502066,-0.03935754622331507,False,0.03935754622331507
-0.028702371497385637,0.005842242104342537,-0.034544613601728176,False,0.034544613601728176
-0.006652997746328548,0.007502531470363474,-0.014155529216692022,False,0.014155529216692022
-0.006830600093600814,0.009636931207320253,-0.016467531300921066,False,0.016467531300921066
-0.011382745000973582,0.006589751801772617,-0.0179724968027462,False,0.0179724968027462
-0.010073310171131888,0.013527726423023571,-0.02360103659415546,False,0.02360103659415546
-0.003262554134499829,0.015243992618075802,-0.018506546752575632,False,0.018506546752575632
-0.009381075738221334,0.004548269989895955,-0.013929345728117288,False,0.013929345728117288
0.004819018352041571,0.008130994501883511,-0.0033119761498419404,True,0.0033119761498419404
0.011654165613952161,0.004198070967733284,0.007456094646218877,True,0.007456094646218877
0.03071713136104126,0.008199409335551125,0.022517722025490135,True,0.022517722025490135
0.02745730298600524,0.007085645034149914,0.020371657951855325,True,0.020371657951855325
0.021578373342935775,0.004203622658210696,0.01737475068472508,True,0.01737475068472508
0.0045629648393989974,0.0015848768190148649,0.0029780880203841326,True,0.0029780880203841326
0.008674801321580494,0.00030760389555956405,0.00836719742602093,True,0.00836719742602093
0.003405886756493226,0.0024383976889799856,0.0009674890675132404,True,0.0009674890675132404
-0.014003594110300388,0.001701749102557722,-0.01570534321285811,False,0.01570534321285811
-0.016672157791252418,0.0020708594730913577,-0.018743017264343777,False,0.018743017264343777
-0.02389337836559946,0.0020579427331790094,-0.02595132109877847,False,0.02595132109877847
-0.03573066865665386,0.00666137863176902,-0.042392047288422885,False,0.042392047288422885
-0.028416171078597396,0.008160188860209383,-0.03657635993880678,False,0.03657635993880678
-0.029427488533326218,0.006600567788744429,-0.03602805632207065,False,0.03602805632207065
-0.03254921846435899,0.007123874911665632,-0.03967309337602462,False,0.03967309337602462
-0.024953216829771696,0.009671077748403235,-0.03462429457817493,False,0.03462429457817493
-0.0115826221430112,0.003544569942035885,-0.015127192085047085,False,0.015127192085047085
-0.012817896344989088,0.006479444468239732,-0.01929734081322882,False,0.01929734081322882
0.012238218479013074,0.010186573269096605,0.002051645209916469,True,0.002051645209916469
0.04414025706896907,0.011258388708931387,0.03288186836003768,True,0.03288186836003768
0.05846414458053739,0.01710083428348341,0.04136331029705398,True,0.04136331029705398
0.048364942250300746,0.00921873666103458,0.03914620558926617,True,0.03914620558926617
0.044787262835393804,0.011215774347709822,0.03357148848768398,True,0.03357148848768398
0.03451939812423177,0.00614768699720481,0.02837171112702696,True,0.02837171112702696
0.007150022639837994,0.004385004539001325,0.002765018100836669,True,0.002765018100836669
0.013618773709922483,0.00818265920524842,0.005436114504674062,True,0.005436114504674062
0.010328498245113504,0.00918339268641874,0.0011451055586947645,True,0.0011451055586947645
0.02700675714772327,0.01070126551570032,0.01630549163202295,True,0.01630549163202295
0.02842761031543861,0.010922060177466707,0.017505550137971906,True,0.017505550137971906
0.03777884168021406,0.010366973586743475,0.027411868093470584,True,0.027411868093470584
0.02310446195118465,0.0031745702026627224,0.01992989174852193,True,0.01992989174852193
0.03196347652499143,0.0018530141225121279,0.0301104624024793,True,0.0301104624024793
0.010117390837606655,-0.005903794023175065,0.016021184860781718,False,0.016021184860781718
0.011875110361852403,-0.003587156671816894,0.015462267033669298,False,0.015462267033669298
0.011260884679201277,-0.0027838955499970017,0.014044780229198278,False,0.014044780229198278
0.008185604817717351,-0.005063216739707134,0.013248821557424486,False,0.013248821557424486
0.0014749067284371975,-0.005436502192131997,0.006911408920569195,False,0.006911408920569195
0.002956325690248729,-0.00020591249076912276,0.0031622381810178517,False,0.0031622381810178517
0.003032901151377443,-0.0008912614132139812,0.003924162564591424,False,0.003924162564591424
0.008346205831909037,-0.0017731438639787553,0.010119349695887792,False,0.010119349695887792
0.004862758051288774,-0.002976552939181097,0.007839310990469871,False,0.007839310990469871
0.003670832470835439,-0.005270582502081351,0.00894141497291679,False,0.00894141497291679
0.00033014413315801683,-0.004255127753103071,0.004585271886261088,False,0.004585271886261088
0.0040095195909548575,-0.008662362672901748,0.012671882263856606,False,0.012671882263856606
0.0023960075593085772,-0.017522921929421703,0.01991892948873028,False,0.01991892948873028
0.011605138897659684,-0.017968902878699945,0.029574041776359628,False,0.029574041776359628
0.016425887331930733,-0.016775161534462082,0.033201048866392815,False,0.033201048866392815
0.03461146095085721,-0.020354515844085635,0.05496597679494285,False,0.05496597679494285
0.030072371931994857,-0.019883410597336088,0.049955782529330944,False,0.049955782529330944
0.0239739558087515,-0.01969640202279371,0.043670357831545215,False,0.043670357831545215
0.02574428664044226,-0.019779581679335547,0.04552386831977781,False,0.04552386831977781
0.02728972550986164,-0.019631681160909784,0.04692140667077142,False,0.04692140667077142
-0.0007257840019700978,-0.020596315356604396,0.019870531354634298,True,0.019870531354634298
0.0055221521098201,-0.01758888704752771,0.02311103915734781,False,0.02311103915734781
0.009204713132757947,-0.018886232265462898,0.028090945398220844,False,0.028090945398220844
0.007797130176136813,-0.018964083453211482,0.026761213629348295,False,0.026761213629348295
0.0035169114997775086,-0.02106316075053053,0.02458007225030804,False,0.02458007225030804
0.018002752830410307,-0.02027548386819183,0.03827823669860214,False,0.03827823669860214
0.005521477968185806,-0.02513022330921635,0.030651701277402157,False,0.030651701277402157
-0.002111370210547192,-0.026452526407307452,0.02434115619676026,True,0.02434115619676026
-0.014422364421810663,-0.024629478390463058,0.010207113968652395,True,0.010207113968652395
-0.019369985222512542,-0.024130609909276766,0.004760624686764223,True,0.004760624686764223
-0.018397523087517964,-0.018661601519818452,0.000264078432300488,True,0.000264078432300488
-0.0014938162945714595,-0.02123907229677523,0.01974525600220377,True,0.01974525600220377
0.00260246954303911,-0.01825277084743931,0.02085524039047842,False,0.02085524039047842
0.01657456346184616,-0.02697982229763858,0.04355438575948474,False,0.04355438575948474
0.01941021652505026,-0.027182686905863868,0.04659290343091413,False,0.04659290343091413
0.01872095802797369,-0.0288146695024842,0.04753562753045789,False,0.04753562753045789
0.0006952676737597141,-0.02879160468157995,0.029486872355339665,False,0.029486872355339665
-0.003355364513667136,-0.026624436886170694,0.023269072372503558,True,0.023269072372503558
-0.00014699608177126677,-0.017936832072564902,0.017789835990793635,True,0.017789835990793635
0.012763621795188085,-0.018802654458562964,0.03156627625375105,False,0.03156627625375105
0.014202470675610313,-0.017174030806985922,0.031376501482596235,False,0.031376501482596235
0.020908441279806178,-0.021001529842201862,0.04190997112200804,False,0.04190997112200804
0.027737323300431216,-0.02389328705601995,0.05163061035645117,False,0.05163061035645117
0.024218960280873336,-0.02383353523583508,0.04805249551670841,False,0.04805249551670841
0.010322863788715164,-0.02236949033371809,0.03269235412243325,False,0.03269235412243325
0.016175415726468634,-0.022083085878066955,0.03825850160453559,False,0.03825850160453559
0.012436576686089662,-0.0192912655858807,0.03172784227197036,False,0.03172784227197036
-0.005171171754339676,-0.018918391645448607,0.013747219891108931,True,0.013747219891108931
0.0023972806060963414,-0.019711060013857945,0.022108340619954286,False,0.022108340619954286
0.01423850726860687,-0.01970290356871744,0.03394141083732431,False,0.03394141083732431
0.002605319582975163,-0.024163740251307346,0.02676905983428251,False,0.02676905983428251
0.006294733847203249,-0.024308820854970596,0.030603554702173845,False,0.030603554702173845
0.03151923625277142,-0.016357309114309788,0.047876545367081205,False,0.047876545367081205
0.01864266000067416,-0.019456241787997007,0.03809890178867117,False,0.03809890178867117
0.01385669647084975,-0.027105143716631766,0.040961840187481516,False,0.040961840187481516
0.017115144641046243,-0.01787418934027429,0.034989333981320536,False,0.034989333981320536
0.0002023713889514056,-0.0235415868692709,0.023743958258222307,False,0.023743958258222307
0.000943618169116256,-0.026355426501958917,0.027299044671075173,False,0.027299044671075173
0.007404972860535652,-0.026746542915114715,0.03415151577565037,False,0.03415151577565037
-0.003371859817120959,-0.030393164288622786,0.027021304471501827,True,0.027021304471501827
-0.008423462363064793,-0.02613445543383009,0.017710993070765298,True,0.017710993070765298
0.006335075334135576,-0.023793165438407916,0.03012824077254349,False,0.03012824077254349
0.01791121432549958,-0.022324812586843316,0.0402360269123429,False,0.0402360269123429
0.011633179349871403,-0.022198233333226788,0.033831412683098194,False,0.033831412683098194
0.012972541003931637,-0.022127396873925655,0.03509993787785729,False,0.03509993787785729
0.020472709345550788,-0.022466111426354646,0.04293882077190543,False,0.04293882077190543
0.0182015626548091,-0.026024449948874994,0.0442260126036841,False,0.0442260126036841
0.0011427690155187964,-0.019993412160537724,0.02113618117605652,False,0.02113618117605652
0.009845430227864105,-0.022141807521289088,0.03198723774915319,False,0.03198723774915319
0.012470766847024972,-0.02184325612193475,0.03431402296895972,False,0.03431402296895972
0.0004930659012176708,-0.01892461397069988,0.019417679871917552,False,0.019417679871917552
0.0068935384821975365,-0.019075822219182165,0.0259693607013797,False,0.0259693607013797
0.013245864867873935,-0.019541939233658767,0.0327878041015327,False,0.0327878041015327
-0.0022033036286305263,-0.02127892995004014,0.019075626321409613,True,0.019075626321409613
-0.0019911922596479448,-0.022469398113775147,0.020478205854127202,True,0.020478205854127202
0.018928146345960295,-0.019984600954217117,0.03891274730017741,False,0.03891274730017741
0.0122022937325037,-0.023588702167694892,0.03579099590019859,False,0.03579099590019859
0.00027202698293260497,-0.01918876367270051,0.019460790655633116,False,0.019460790655633116
-0.000597955101403258,-0.01971884122642784,0.01912088612502458,True,0.01912088612502458
0.006206900654569525,-0.021125568594303177,0.027332469248872702,False,0.027332469248872702
0.0010301988178136323,-0.0176850439952264,0.01871524281304003,False,0.01871524281304003
0.01187493793485861,-0.019088183017246643,0.030963120952105253,False,0.030963120952105253
0.017229860878318126,-0.018101626833772377,0.035331487712090506,False,0.035331487712090506
0.022321153474607947,-0.02125826421314121,0.04357941768774916,False,0.04357941768774916
0.013473630572006012,-0.020805229870629067,0.034278860442635076,False,0.034278860442635076
0.006011107762413426,-0.02093751363754552,0.026948621399958947,False,0.026948621399958947
0.0051682047956855826,-0.018271011284479284,0.023439216080164867,False,0.023439216080164867
0.0016660378093784622,-0.016011942543110554,0.017677980352489017,False,0.017677980352489017
0.001822561947043999,-0.016792656597421858,0.018615218544465857,False,0.018615218544465857
-0.0017892401412867853,-0.01966200124335555,0.017872761102068764,True,0.017872761102068764
0.0011563912518930408,-0.020252687548258548,0.02140907880015159,False,0.02140907880015159
-0.01930540826767213,-0.019815853530414734,0.0005104452627426037,True,0.0005104452627426037
-0.008870636442317226,-0.018991069396477787,0.010120432954160562,True,0.010120432954160562
-0.006587972751536775,-0.02036730836201947,0.013779335610482696,True,0.013779335610482696
0.0009249630364236427,-0.02213941135293848,0.023064374389362124,False,0.023064374389362124
-0.010184494125448307,-0.022770521583255394,0.012586027457807087,True,0.012586027457807087
0.009608880560449062,-0.026767031581247124,0.036375912141696186,False,0.036375912141696186
-0.014621174334479181,-0.025235976223476675,0.010614801888997494,True,0.010614801888997494
-0.02750991980150408,-0.023652487105412574,-0.003857432696091505,True,0.003857432696091505
-0.030405100364948145,-0.024657670062446332,-0.005747430302501813,True,0.005747430302501813
-0.02639472678233057,-0.026519677644596618,0.0001249508622660489,True,0.0001249508622660489
-0.03567570823099564,-0.02847676156083394,-0.007198946670161698,True,0.007198946670161698
-0.030713527536892715,-0.023329940465615148,-0.007383587071277568,True,0.007383587071277568
-0.009376535670309827,-0.023531442531618704,0.014154906861308877,True,0.014154906861308877
0.004210295239053696,-0.027486830246184264,0.03169712548523796,False,0.03169712548523796
0.009709330247378078,-0.02508230929749795,0.03479163954487603,False,0.03479163954487603
0.007947616994675721,-0.024479146876767766,0.032426763871443484,False,0.032426763871443484
0.026456089672748817,-0.022874163864379037,0.049330253537127854,False,0.049330253537127854
0.0206915145835862,-0.023535942035457415,0.04422745661904362,False,0.04422745661904362
-0.007257962160868603,-0.026117896693020462,0.01885993453215186,True,0.01885993453215186
-0.010011628670049677,-0.025442850347150398,0.015431221677100721,True,0.015431221677100721
0.00305872598676582,-0.023778572900826522,0.026837298887592342,False,0.026837298887592342
0.00596150961355546,-0.01884902535893365,0.02481053497248911,False,0.02481053497248911
0.012763298613983842,-0.01773275085091064,0.03049604946489448,False,0.03049604946489448
0.030200380170077645,-0.021409897601951597,0.05161027777202924,False,0.05161027777202924
0.03365645726494049,-0.02214182854566124,0.05579828581060173,False,0.05579828581060173
0.029978501630761434,-0.020825622057787017,0.05080412368854845,False,0.05080412368854845
0.018678400823874064,-0.017044479035341998,0.03572287985921606,False,0.03572287985921606
0.008401310442248455,-0.018221655722717153,0.02662296616496561,False,0.02662296616496561
0.011911598330560436,-0.014880387194622445,0.02679198552518288,False,0.02679198552518288
0.0243432372885084,-0.014872708097837958,0.03921594538634636,False,0.03921594538634636
0.016379120005413528,-0.01610683127474012,0.03248595128015365,False,0.03248595128015365
0.016530844738788186,-0.02005277323207817,0.03658361797086636,False,0.03658361797086636
0.017565617293659797,-0.024426223898638466,0.04199184119229826,False,0.04199184119229826
0.015402306678159894,-0.024741535915480336,0.04014384259364023,False,0.04014384259364023
9.417381536014346e-05,-0.016568315382523985,0.01666248919788413,False,0.01666248919788413
-0.005163513833602695,-0.02016739556680747,0.015003881733204775,True,0.015003881733204775
-1.8657569015534392e-05,-0.019609011637317434,0.0195903540683019,True,0.0195903540683019
-0.0004716819785401949,-0.01422336495988269,0.013751682981342495,True,0.013751682981342495
-0.009899207703339852,-0.02302320359885182,0.01312399589551197,True,0.01312399589551197
-0.013627013115005915,-0.013739296159205334,0.00011228304419941965,True,0.00011228304419941965
0.0026807430241782004,-0.012080240103051167,0.014760983127229368,False,0.014760983127229368
-0.003097804683491412,-0.012789763864261991,0.009691959180770579,True,0.009691959180770579
-0.0026801441698545148,-0.01245162276654931,0.009771478596694794,True,0.009771478596694794
0.016289812153067906,-0.01309998269393336,0.029389794847001265,False,0.029389794847001265
0.023057278679805115,-0.01666651151864643,0.03972379019845154,False,0.03972379019845154
0.012590773484036033,-0.018580851274122148,0.03117162475815818,False,0.03117162475815818
0.01489192991915922,-0.021298325855289284,0.0361902557744485,False,0.0361902557744485
0.01620004309315104,-0.028544587814737794,0.044744630907888834,False,0.044744630907888834
0.012512532293970535,-0.02012603887515445,0.03263857116912498,False,0.03263857116912498
0.014570008811067181,-0.022074818971315587,0.03664482778238277,False,0.03664482778238277
0.016422930801337055,-0.02615501540518178,0.042577946206518835,False,0.042577946206518835
0.021356857234229754,-0.02671694771798872,0.04807380495221847,False,0.04807380495221847
0.021491847175244994,-0.02157565204969821,0.043067499224943205,False,0.043067499224943205
0.0104181680100226,-0.023337000641335353,0.033755168651357956,False,0.033755168651357956
0.0070362585900236585,-0.024024244714164297,0.031060503304187956,False,0.031060503304187956
0.0031520600293217793,-0.02240569275854343,0.02555775278786521,False,0.02555775278786521
-0.0009363800921524668,-0.020024598399989706,0.01908821830783724,True,0.01908821830783724
-0.0022244505356405764,-0.020654680920478227,0.01843023038483765,True,0.01843023038483765
0.0020704934735165104,-0.028514715919856694,0.030585209393373204,False,0.030585209393373204
-0.0005328820621894881,-0.028986604018236696,0.028453721956047208,True,0.028453721956047208
0.004790567538895729,-0.026620681134019775,0.031411248672915504,False,0.031411248672915504
0.007672153334173704,-0.030319242952788795,0.0379913962869625,False,0.0379913962869625
0.010907371480782801,-0.030456669388791463,0.041364040869574265,False,0.041364040869574265
0.01513646773778321,-0.025243666903334072,0.04038013464111728,False,0.04038013464111728
0.020322609051434792,-0.022213552569186206,0.042536161620621,False,0.042536161620621
0.019217183519965708,-0.023969299825505195,0.0431864833454709,False,0.0431864833454709
0.022422130403196405,-0.023448409387239008,0.04587053979043541,False,0.04587053979043541
0.00910281090958609,-0.01857104058320238,0.02767385149278847,False,0.02767385149278847
0.009645680837021109,-0.019285126051318043,0.028930806888339152,False,0.028930806888339152
0.011255852696609114,-0.01588817327920539,0.027144025975814504,False,0.027144025975814504
0.016264384943659893,-0.016622818636514602,0.032887203580174496,False,0.032887203580174496
-0.007803040480152901,-0.015862310902855815,0.008059270422702915,True,0.008059270422702915
-0.006864465004342346,-0.02189186436372809,0.015027399359385744,True,0.015027399359385744
-0.01964324108247384,-0.024333331678603062,0.004690090596129223,True,0.004690090596129223
-0.012252370872607443,-0.023724207593026767,0.011471836720419324,True,0.011471836720419324
-0.019615434092966733,-0.018872225348160767,-0.0007432087448059656,True,0.0007432087448059656
-0.028207711287884907,-0.024797174886854303,-0.0034105364010306033,True,0.0034105364010306033
-0.025784465767398013,-0.028637342099769487,0.002852876332371475,True,0.002852876332371475
-0.008287966391797408,-0.027005863431639358,0.01871789703984195,True,0.01871789703984195
-0.017831033602877078,-0.02913770441438214,0.011306670811505062,True,0.011306670811505062
-0.02127200097320081,-0.027987629141576844,0.006715628168376033,True,0.006715628168376033
0.017700433598675458,-0.020810769356645123,0.03851120295532058,False,0.03851120295532058
0.00854377355747582,-0.021112498292758984,0.029656271850234804,False,0.029656271850234804
-0.02119589522618759,-0.029289638721263903,0.008093743495076314,True,0.008093743495076314
-0.05026069613767947,-0.028146357556617044,-0.022114338581062428,True,0.022114338581062428
-0.03662358149800249,-0.026227682689557878,-0.01039589880844461,True,0.01039589880844461
-0.05836850056734855,-0.029843302354587584,-0.028525198212760963,True,0.028525198212760963
-0.02276192708131297,-0.03182041472886378,0.009058487647550809,True,0.009058487647550809
0.00016898422587807715,-0.021149345277459947,0.021318329503338024,False,0.021318329503338024
0.030712399606169782,-0.006090328814408484,0.036802728420578266,False,0.036802728420578266
0.038092362854848405,-0.004532774400449749,0.04262513725529815,False,0.04262513725529815
0.04837458129040062,-0.008807537559328067,0.05718211884972869,False,0.05718211884972869
0.042249961538416425,-0.01755172034194967,0.059801681880366095,False,0.059801681880366095
0.040000636068423745,-0.022416264619922285,0.06241690068834603,False,0.06241690068834603
0.0493934227179289,-0.027528687338258865,0.07692211005618776,False,0.07692211005618776
0.030735858766330004,-0.021766523098115727,0.05250238186444573,False,0.05250238186444573
0.031025320233493803,-0.02005654123919699,0.051081861472690795,False,0.051081861472690795
0.005695372984111824,-0.014261590810343741,0.019956963794455565,False,0.019956963794455565
0.014107587868027682,-0.016892749483164517,0.0310003373511922,False,0.0310003373511922
0.002108647168371336,-0.019157667666871485,0.02126631483524282,False,0.02126631483524282
0.005118856042589215,-0.014315336195639006,0.01943419223822822,False,0.01943419223822822
-0.004138330603570606,-0.017261300493174304,0.013122969889603698,True,0.013122969889603698
0.0038293420731396743,-0.020645690778947807,0.02447503285208748,False,0.02447503285208748
0.002757167082329648,-0.018358654071766945,0.021115821154096593,False,0.021115821154096593
-0.015531704506888011,-0.01939006601449676,0.003858361507608748,True,0.003858361507608748
-0.018893616454592088,-0.01997596830362639,0.0010823518490343034,True,0.0010823518490343034
-0.015565145272679937,-0.015989939764176092,0.00042479449149615545,True,0.00042479449149615545
-0.03221987101693835,-0.01825460925432778,-0.013965261762610572,True,0.013965261762610572
-0.030638038836492854,-0.016001086323677197,-0.014636952512815656,True,0.014636952512815656
-0.005959456192002999,-0.012974171675401061,0.007014715483398062,True,0.007014715483398062
0.006298235552946396,-0.01737488207386183,0.023673117626808227,False,0.023673117626808227
0.017248677236678445,-0.014600344438973713,0.03184902167565216,False,0.03184902167565216
0.04006620843894648,-0.019354468418736743,0.05942067685768322,False,0.05942067685768322
0.030069308682135976,-0.02790746860884698,0.05797677729098295,False,0.05797677729098295
0.026021148144665718,-0.03027103433188725,0.05629218247655297,False,0.05629218247655297
0.012589796042471457,-0.029080739066332302,0.04167053510880376,False,0.04167053510880376
0.021266594637349368,-0.023472061444464787,0.044738656081814154,False,0.044738656081814154
0.014204047723914925,-0.017641305831033568,0.0318453535549485,False,0.0318453535549485
0.015239182857461175,-0.020215134052879957,0.035454316910341135,False,0.035454316910341135
0.01772830565569472,-0.020694056856471885,0.0384223625121666,False,0.0384223625121666
0.018504476092631172,-0.025145906630261568,0.04365038272289274,False,0.04365038272289274
0.00538618883345654,-0.014901476110257793,0.020287664943714333,False,0.020287664943714333
0.005666663641763714,-0.014882432902254859,0.020549096544018573,False,0.020549096544018573
0.0071798336029693655,-0.017980567123183286,0.02516040072615265,False,0.02516040072615265
-0.004690937013988816,-0.014594488433601675,0.009903551419612858,True,0.009903551419612858
-0.002070056700131495,-0.014948772527809993,0.012878715827678498,True,0.012878715827678498
-0.0078281614931619,-0.018639576477835852,0.010811414984673952,True,0.010811414984673952
0.002642276776317898,-0.018126953172158896,0.020769229948476794,False,0.020769229948476794
-0.010387886848135297,-0.019808774647236356,0.009420887799101059,True,0.009420887799101059
0.008001633695561061,-0.016681392315461212,0.024683026011022274,False,0.024683026011022274
0.014555513592114044,-0.016389595443493474,0.03094510903560752,False,0.03094510903560752
0.014635023809609793,-0.014076623751685818,0.02871164756129561,False,0.02871164756129561
0.011518762079243405,-0.017592933632656772,0.029111695711900178,False,0.029111695711900178
0.029094802471371528,-0.01652611691752329,0.045620919388894815,False,0.045620919388894815
0.011532396819290636,-0.021353117664386936,0.032885514483677575,False,0.032885514483677575
0.008940522467029588,-0.015167662222507435,0.024108184689537022,False,0.024108184689537022
0.010796136623526964,-0.01587006524960648,0.026666201873133445,False,0.026666201873133445
0.008644111165769353,-0.019834549693158662,0.028478660858928015,False,0.028478660858928015
-0.0011807606927157765,-0.015381751534710771,0.014200990841994995,True,0.014200990841994995
0.0061057358103902,-0.01901174042268083,0.02511747623307103,False,0.02511747623307103
-0.0074018062741812995,-0.020421928408165986,0.013020122133984686,True,0.013020122133984686
-0.005340305802280287,-0.022959820213525196,0.01761951441124491,True,0.01761951441124491
-0.009493691401731064,-0.022758362264934873,0.01326467086320381,True,0.01326467086320381
-0.0047975010030499865,-0.02197986648660052,0.017182365483550534,True,0.017182365483550534
-0.0026570853817273754,-0.024948197164329534,0.02229111178260216,True,0.02229111178260216
0.003494868198870682,-0.025184330429412805,0.028679198628283487,False,0.028679198628283487
-0.018299852303771513,-0.024754253382346297,0.006454401078574784,True,0.006454401078574784
-0.013816243224765046,-0.026150085465857432,0.012333842241092387,True,0.012333842241092387
-0.018972952840273782,-0.02529370901450171,0.0063207561742279275,True,0.0063207561742279275
-0.008714733756575277,-0.02380206945056515,0.015087335693989873,True,0.015087335693989873
0.019017025398095244,-0.027332788245138163,0.04634981364323341,False,0.04634981364323341
0.04742893722718744,-0.01858416647353506,0.0660131037007225,False,0.0660131037007225
0.047544908420604326,-0.02132403115846109,0.06886893957906542,False,0.06886893957906542
0.05080648467498117,-0.025236311481686025,0.07604279615666719,False,0.07604279615666719
0.03502674119410809,-0.025996778195946816,0.0610235193900549,False,0.0610235193900549
0.010405422323724212,-0.02368845167398606,0.03409387399771027,False,0.03409387399771027
-0.0037944338151062462,-0.016707582760897115,0.012913148945790869,True,0.012913148945790869
-0.020795995097733777,-0.016141718640442275,-0.004654276457291502,True,0.004654276457291502
-0.01771997042763196,-0.018215386882308567,0.0004954164546766074,True,0.0004954164546766074
-0.011057059234424349,-0.017364041148322885,0.006306981913898536,True,0.006306981913898536
-0.011202332891702693,-0.021587135487904,0.010384802596201306,True,0.010384802596201306
0.0005392501888423773,-0.02047976889442403,0.021019019083266408,False,0.021019019083266408
0.016662438115005118,-0.016078017796559894,0.03274045591156501,False,0.03274045591156501
0.015948385275771138,-0.018755839519455707,0.03470422479522685,False,0.03470422479522685
0.01753335128894684,-0.020024206860225168,0.03755755814917201,False,0.03755755814917201
0.014106584226487362,-0.01953598622776601,0.03364257045425337,False,0.03364257045425337
0.014957749756997263,-0.022456611700190685,0.03741436145718795,False,0.03741436145718795
0.013635170966498356,-0.019013462467937347,0.032648633434435706,False,0.032648633434435706
0.010677220397900644,-0.020257712028328094,0.030934932426228738,False,0.030934932426228738
0.011670706712337164,-0.01631885988323963,0.027989566595576793,False,0.027989566595576793
0.013075372085828318,-0.01754487051690544,0.030620242602733758,False,0.030620242602733758
0.008729708973955974,-0.020605206942132026,0.029334915916088,False,0.029334915916088
0.0017396479266313936,-0.022443756711109365,0.024183404637740758,False,0.024183404637740758
-0.001838015354928002,-0.02169245868590236,0.01985444333097436,True,0.01985444333097436
-0.00032912007157004375,-0.02136832858146841,0.021039208509898367,True,0.021039208509898367
-0.0038405334246024436,-0.024150882941880614,0.02031034951727817,True,0.02031034951727817
-0.005923005527934011,-0.02428456037844876,0.018361554850514748,True,0.018361554850514748
0.003489384866071088,-0.023023254642153823,0.02651263950822491,False,0.02651263950822491
0.0024718623771580184,-0.022217526181753246,0.024689388558911264,False,0.024689388558911264
-0.034866405261272826,-0.020155186996310182,-0.014711218264962644,True,0.014711218264962644
-0.03016563743828027,-0.023516902898042875,-0.006648734540237393,True,0.006648734540237393
-0.018321980402247973,-0.02286262231502742,0.004540641912779447,True,0.004540641912779447
-0.01664229454155186,-0.020465638879879292,0.0038233443383274314,True,0.0038233443383274314
-0.0015990526386784332,-0.020919958548808903,0.01932090591013047,True,0.01932090591013047
0.029139396236084414,-0.012732658527643076,0.04187205476372749,False,0.04187205476372749
0.018618861122671415,-0.015761200799444066,0.034380061922115485,False,0.034380061922115485
-0.004956471788993166,-0.02540444634986124,0.020447974560868075,True,0.020447974560868075
-0.01447832135561511,-0.027718889027466602,0.013240567671851493,True,0.013240567671851493
-0.02770658865343245,-0.03267533304229977,0.0049687443888673175,True,0.0049687443888673175
-0.01561513248705626,-0.026516668071915432,0.010901535584859172,True,0.010901535584859172
0.0005883914549409397,-0.033016470272428336,0.033604861727369276,False,0.033604861727369276
0.0006971877637285129,-0.03152501325632957,0.032222201020058086,False,0.032222201020058086
0.005818363847053032,-0.027742235138203588,0.03356059898525662,False,0.03356059898525662
-0.007098451912177173,-0.02713432761935899,0.020035875707181818,True,0.020035875707181818
-0.017839227492619902,-0.029754343729194582,0.01191511623657468,True,0.01191511623657468
-0.022121076000454765,-0.029577575118013177,0.007456499117558413,True,0.007456499117558413
0.007050229029089916,-0.031413546886597976,0.03846377591568789,False,0.03846377591568789
0.0036473344878726888,-0.031538708963067826,0.035186043450940514,False,0.035186043450940514
0.029440876054894316,-0.02488073468363352,0.054321610738527835,False,0.054321610738527835
0.03725542216126865,-0.023421433984486918,0.06067685614575556,False,0.06067685614575556
0.04165307500544291,-0.021702549742014774,0.06335562474745768,False,0.06335562474745768
0.028627725397376125,-0.024681554022777417,0.05330927942015354,False,0.05330927942015354
0.027601130570038546,-0.02443083621924411,0.05203196678928265,False,0.05203196678928265
0.002995309383016176,-0.014378535318059833,0.01737384470107601,False,0.01737384470107601
0.002437701334200293,-0.014385290994769907,0.0168229923289702,False,0.0168229923289702
-0.007634797457422682,-0.018443443514238017,0.010808646056815335,True,0.010808646056815335
-0.007724556291944906,-0.01818873885235254,0.010464182560407632,True,0.010464182560407632
-0.010115648440961245,-0.01775059620854567,0.007634947767584426,True,0.007634947767584426
-0.002669514424210817,-0.022804828972569642,0.020135314548358825,True,0.020135314548358825
-0.004532597809201677,-0.02245265633888842,0.01792005852968674,True,0.01792005852968674
0.004004499196836653,-0.022023871867039545,0.026028371063876198,False,0.026028371063876198
0.002115495990218541,-0.0191590051893724,0.02127450117959094,False,0.02127450117959094
-0.00174458282647727,-0.020087907269439945,0.018343324442962675,True,0.018343324442962675
0.0118439088845943,-0.019418606670039692,0.031262515554633996,False,0.031262515554633996
0.005866081505915055,-0.019969211102553043,0.025835292608468098,False,0.025835292608468098
-0.0014232442179679117,-0.025591166055535658,0.024167921837567746,True,0.024167921837567746
0.005624239294878652,-0.02614385388991132,0.03176809318478997,False,0.03176809318478997
0.014864248820869008,-0.022798484080961422,0.037662732901830434,False,0.037662732901830434
0.010978012035427032,-0.02596799884257617,0.0369460108780032,False,0.0369460108780032
0.01258839233589204,-0.02606246882268898,0.03865086115858102,False,0.03865086115858102
0.011634938065085532,-0.024488896829760177,0.036123834894845705,False,0.036123834894845705
-0.01605640473916148,-0.027898234760005317,0.011841830020843838,True,0.011841830020843838
-0.02048557404719853,-0.024675006612874664,0.004189432565676134,True,0.004189432565676134
-0.02820980260337891,-0.02662122866064958,-0.001588573942729328,True,0.001588573942729328
-0.030003479261620725,-0.022459174957451058,-0.007544304304169667,True,0.007544304304169667
-0.04149887516799444,-0.0253592516491808,-0.016139623518813644,True,0.016139623518813644
-0.0096008129743137,-0.020379500749657536,0.010778687775343836,True,0.010778687775343836
-0.02250461104396484,-0.02403074175214339,0.001526130708178551,True,0.001526130708178551
-0.029247414819126405,-0.02886559142469692,-0.0003818233944294855,True,0.0003818233944294855
-0.019308956848910874,-0.03146819105750641,0.012159234208595535,True,0.012159234208595535
-0.021092147049690313,-0.023794681704613747,0.0027025346549234344,True,0.0027025346549234344
-0.030731526954475896,-0.03126763927816368,0.0005361123236877832,True,0.0005361123236877832
-0.039724527449723546,-0.022800511208653607,-0.01692401624106994,True,0.01692401624106994
-0.036299829156564156,-0.016844808182528738,-0.019455020974035418,True,0.019455020974035418
-0.04148791558431908,-0.01643387513199281,-0.02505404045232627,True,0.02505404045232627
-0.03717416733348755,-0.013647762328521908,-0.023526405004965643,True,0.023526405004965643
-0.022763586218226495,-0.007814108630529015,-0.01494947758769748,True,0.01494947758769748
0.011719924910653212,0.0026959763112525776,0.009023948599400634,True,0.009023948599400634
0.009173800991272074,0.00026838143033108006,0.008905419560940995,True,0.008905419560940995
0.014779739272706482,-0.0018449286912468298,0.016624667963953312,False,0.016624667963953312
0.025515977425984104,-0.0020975335588031413,0.027613510984787246,False,0.027613510984787246
0.0050932818496796095,-0.015121588797338582,0.020214870647018192,False,0.020214870647018192
0.015264018565574355,-0.031486873424456226,0.04675089199003058,False,0.04675089199003058
0.028824588976989807,-0.023827262559116078,0.05265185153610588,False,0.05265185153610588
0.0055903513431332374,-0.032219884279451674,0.03781023562258491,False,0.03781023562258491
0.005828299120395064,-0.028936244491598165,0.03476454361199323,False,0.03476454361199323
-0.01475230424709173,-0.030498348655680747,0.015746044408589017,True,0.015746044408589017
-0.02558874887812035,-0.03162229025658151,0.006033541378461162,True,0.006033541378461162
-0.025179907053386352,-0.02709469946876422,0.001914792415377866,True,0.001914792415377866
-0.007158044502196814,-0.028022139772949286,0.02086409527075247,True,0.02086409527075247
-0.05357272911253608,-0.02745247586360092,-0.026120253248935157,True,0.026120253248935157
-0.09066681317294378,-0.02055534068578899,-0.0701114724871548,True,0.0701114724871548
-0.09833925475211658,-0.02494327103580247,-0.0733959837163141,True,0.0733959837163141
-0.11496158259165024,-0.024826616772511478,-0.09013496581913875,True,0.09013496581913875
-0.0281655069240081,-0.024697666312679698,-0.003467840611328401,True,0.003467840611328401
-0.022582276314433325,-0.01486044057866378,-0.007721835735769546,True,0.007721835735769546
0.05672089296072258,0.0015169166002169199,0.05520397636050566,True,0.05520397636050566
0.06887647941813224,0.004177645505285972,0.06469883391284627,True,0.06469883391284627
0.08284315474854487,0.012280578656716308,0.07056257609182856,True,0.07056257609182856
-0.041850550658921626,-0.036099028458344264,-0.005751522200577362,True,0.005751522200577362
0.0034883980930435765,-0.03254578858146311,0.03603418667450669,False,0.03603418667450669
-0.03756964015759179,-0.03924499350601001,0.0016753533484182223,True,0.0016753533484182223
-0.02201725625776385,-0.03481443338510189,0.012797177127338036,True,0.012797177127338036
-0.004073665654881764,-0.037460910739791985,0.03338724508491022,True,0.03338724508491022
0.040006915016119526,-0.02264799774577917,0.06265491276189869,False,0.06265491276189869
0.0460288740924073,-0.023659234324473286,0.06968810841688058,False,0.06968810841688058
0.07194279953310834,-0.009858328720959994,0.08180112825406834,False,0.08180112825406834
0.051341838397229056,-0.01581015029173351,0.06715198868896256,False,0.06715198868896256
0.03571043957855835,-0.02118948660378437,0.05689992618234272,False,0.05689992618234272
0.021547737699275427,-0.026794414931708636,0.04834215263098406,False,0.04834215263098406
0.029275050737501696,-0.02858542380912703,0.05786047454662872,False,0.05786047454662872
0.022982595561793717,-0.03140810295195311,0.054390698513746824,False,0.054390698513746824
0.00808192673454089,-0.03422781022748174,0.04230973696202263,False,0.04230973696202263
0.01191980817158833,-0.026914328384015404,0.038834136555603735,False,0.038834136555603735
0.011800113394815126,-0.025789184593054116,0.03758929798786924,False,0.03758929798786924
-0.004269894358238657,-0.023245154780941003,0.018975260422702346,True,0.018975260422702346
0.03456914392989674,-0.017515140815401967,0.052084284745298706,False,0.052084284745298706
0.050179111683384736,-0.02944941982941337,0.07962853151279811,False,0.07962853151279811
0.04711748991878917,-0.025725921101132976,0.07284341101992214,False,0.07284341101992214
0.044951084975706435,-0.02351974064765519,0.06847082562336163,False,0.06847082562336163
0.05291130253665899,-0.021033644576195443,0.07394494711285443,False,0.07394494711285443
0.020343300273745202,-0.02071865939060752,0.04106195966435272,False,0.04106195966435272
0.010241097635268925,-0.021437981149981928,0.03167907878525085,False,0.03167907878525085
-0.008049935043888068,-0.021645552607127416,0.013595617563239348,True,0.013595617563239348
-0.012481737065179077,-0.02362099368399095,0.011139256618811873,True,0.011139256618811873
-0.02539554137771538,-0.026569261615569245,0.0011737202378538647,True,0.0011737202378538647
-0.006219874622803601,-0.02406717198407686,0.01784729736127326,True,0.01784729736127326
-0.008636109316853546,-0.019191068231410775,0.010554958914557228,True,0.010554958914557228
0.012335741111489718,-0.01817343696998222,0.030509178081471938,False,0.030509178081471938
0.010804575041399866,-0.018358528581235125,0.02916310362263499,False,0.02916310362263499
0.023484417792758006,-0.021203936022097677,0.04468835381485568,False,0.04468835381485568
0.008356419712035823,-0.020203942093669085,0.02856036180570491,False,0.02856036180570491
0.01395186441340246,-0.02153292119461161,0.035484785608014074,False,0.035484785608014074
0.005084322646229156,-0.021812293706220624,0.02689661635244978,False,0.02689661635244978
0.01654236569487999,-0.02300831996273819,0.039550685657618184,False,0.039550685657618184
0.01175941716303508,-0.020218009444857635,0.03197742660789271,False,0.03197742660789271
0.011726398533501214,-0.023392809854970175,0.03511920838847139,False,0.03511920838847139
0.009111931162125053,-0.02507082695882616,0.034182758120951215,False,0.034182758120951215
0.018042333621717255,-0.02610267021674206,0.04414500383845932,False,0.04414500383845932
-0.00357164384951969,-0.021711729092143424,0.018140085242623734,True,0.018140085242623734
0.005002675574404369,-0.025670121397519688,0.030672796971924057,False,0.030672796971924057
-0.009202696400281929,-0.022961073374635196,0.013758376974353267,True,0.013758376974353267
-0.006518621876814512,-0.025044373921098553,0.01852575204428404,True,0.01852575204428404
-0.012775200621612304,-0.01943507929102343,0.006659878669411125,True,0.006659878669411125
0.00824816615500179,-0.027183077904757744,0.03543124405975953,False,0.03543124405975953
0.009779360540244308,-0.028484355042507504,0.03826371558275181,False,0.03826371558275181
0.019053151903672516,-0.028420067555547254,0.04747321945921977,False,0.04747321945921977
0.02718072960442952,-0.029076005158924355,0.056256734763353876,False,0.056256734763353876
0.034714060615087305,-0.02956903026475958,0.06428309087984688,False,0.06428309087984688
0.029492556784994628,-0.028453601816242197,0.05794615860123682,False,0.05794615860123682
0.017914321627589436,-0.025472852977479248,0.04338717460506868,False,0.04338717460506868
0.021956242026702544,-0.019908065978384886,0.04186430800508743,False,0.04186430800508743
0.02201465510997358,-0.016639141590716923,0.0386537967006905,False,0.0386537967006905
0.00938343222607374,-0.015479329633685882,0.02486276185975962,False,0.02486276185975962
0.0040302013048392205,-0.01689624369952181,0.02092644500436103,False,0.02092644500436103
0.01037793349002003,-0.0198310779500109,0.03020901144003093,False,0.03020901144003093
0.008654801400879375,-0.019662612416007513,0.028317413816886888,False,0.028317413816886888
-0.002750556676685001,-0.021175693232160106,0.018425136555475105,True,0.018425136555475105
0.006654113058634836,-0.022471838542792274,0.02912595160142711,False,0.02912595160142711
0.002901619203335315,-0.020445000858983653,0.023346620062318968,False,0.023346620062318968
0.00025634700487775497,-0.022220456015281602,0.022476803020159357,False,0.022476803020159357
0.0035473897714550784,-0.021846429099056618,0.025393818870511696,False,0.025393818870511696
0.006349927660926014,-0.01980971901288289,0.026159646673808903,False,0.026159646673808903
0.0063379328457915385,-0.02076681859828747,0.02710475144407901,False,0.02710475144407901
0.01080138342081538,-0.02186329384341153,0.03266467726422691,False,0.03266467726422691
0.016004023192521588,-0.022811282231405133,0.03881530542392672,False,0.03881530542392672
0.010158614976133684,-0.022259504955583844,0.03241811993171753,False,0.03241811993171753
0.015169401325331622,-0.02361633823678832,0.03878573956211994,False,0.03878573956211994
0.01299367868476553,-0.024882305085148868,0.0378759837699144,False,0.0378759837699144
0.010177179591258634,-0.02430685827736032,0.03448403786861895,False,0.03448403786861895
0.0003942349687000579,-0.021790872711897228,0.022185107680597286,False,0.022185107680597286
-0.0036883986202657093,-0.02176059610759982,0.018072197487334112,True,0.018072197487334112
-0.024140781484711993,-0.021750205304917256,-0.0023905761797947365,True,0.0023905761797947365
-0.009058980640718417,-0.0218277426561233,0.012768762015404882,True,0.012768762015404882
-0.01147563809285912,-0.023203972999717534,0.011728334906858415,True,0.011728334906858415
-0.0026479588480767813,-0.022543795349674125,0.019895836501597344,True,0.019895836501597344
0.00026896756963945556,-0.021087526731364156,0.02135649430100361,False,0.02135649430100361
0.024866581971893842,-0.026837234484756042,0.051703816456649884,False,0.051703816456649884
0.007525663850755704,-0.026801527669867178,0.034327191520622885,False,0.034327191520622885
0.023440609033962057,-0.029647154328434226,0.05308776336239628,False,0.05308776336239628
0.019137827924330386,-0.028925489433448408,0.048063317357778794,False,0.048063317357778794
0.020086922675969232,-0.030199863669190537,0.05028678634515977,False,0.05028678634515977
0.009824521474676162,-0.022854987252646206,0.032679508727322365,False,0.032679508727322365
0.01160533722778423,-0.024458452999681343,0.03606379022746557,False,0.03606379022746557
-0.0044811607172615675,-0.019615738537898948,0.01513457782063738,True,0.01513457782063738
-0.010513495739719603,-0.01625302708072772,0.005739531341008117,True,0.005739531341008117
-0.014574654819094923,-0.016812089421965444,0.002237434602870521,True,0.002237434602870521
0.002906408332864485,-0.023103338377960407,0.026009746710824892,False,0.026009746710824892
-0.0012902850482228168,-0.021355990386342023,0.020065705338119206,True,0.020065705338119206
0.00836184285907926,-0.023089620675481464,0.03145146353456073,False,0.03145146353456073
0.013351969641723693,-0.024290511732782488,0.03764248137450618,False,0.03764248137450618
0.021036735984944155,-0.02686535017222759,0.047902086157171744,False,0.047902086157171744
-0.0004030014210449906,-0.026489360169522594,0.026086358748477603,True,0.026086358748477603
-0.0034242237796969777,-0.023939031695096594,0.020514807915399617,True,0.020514807915399617
-0.002201042685535448,-0.02461220651905774,0.02241116383352229,True,0.02241116383352229
0.0038507310325344157,-0.022781131418104967,0.026631862450639383,False,0.026631862450639383
-0.0025888593017147077,-0.017910498702963278,0.01532163940124857,True,0.01532163940124857
0.005860046877703251,-0.020499734032874868,0.02635978091057812,False,0.02635978091057812
0.015712049458404653,-0.024546917097513644,0.0402589665559183,False,0.0402589665559183
0.013157459425150897,-0.02302511039446438,0.036182569819615276,False,0.036182569819615276
0.013110139069543836,-0.0215889342029003,0.034699073272444134,False,0.034699073272444134
0.015712795624766684,-0.023391224354084274,0.03910401997885096,False,0.03910401997885096
0.01861802747741681,-0.024472392548077614,0.04309042002549442,False,0.04309042002549442
0.014869400454635473,-0.020687526935057987,0.03555692738969346,False,0.03555692738969346
0.010686838183449954,-0.021842681519047707,0.032529519702497664,False,0.032529519702497664
0.00704025566485611,-0.01840385974307463,0.02544411540793074,False,0.02544411540793074
0.012366939811585986,-0.019906783985428302,0.03227372379701429,False,0.03227372379701429
0.011769841374062118,-0.016963716703055718,0.028733558077117836,False,0.028733558077117836
0.007649622429118708,-0.022074544275040672,0.02972416670415938,False,0.02972416670415938
0.005693159356543909,-0.019609566246977742,0.02530272560352165,False,0.02530272560352165
-0.003602124878185675,-0.02075870991639739,0.017156585038211714,True,0.017156585038211714
-0.0028325562231473755,-0.02341273730921976,0.020580181086072385,True,0.020580181086072385
-0.004738739257868163,-0.020724848330576657,0.015986109072708494,True,0.015986109072708494
0.004478128722692043,-0.02307495517213804,0.027553083894830084,False,0.027553083894830084
0.011117964423293714,-0.023755737075452206,0.03487370149874592,False,0.03487370149874592
0.016974289043304003,-0.020151023080159196,0.0371253121234632,False,0.0371253121234632
0.01116615413952382,-0.02565086952178219,0.036817023661306014,False,0.036817023661306014
0.011948481382412668,-0.021993855590067855,0.03394233697248052,False,0.03394233697248052
0.004413199535570955,-0.0247578979268618,0.029171097462432755,False,0.029171097462432755
0.006971243665792715,-0.024053675056266925,0.03102491872205964,False,0.03102491872205964
0.0028989891327806383,-0.020878765418777142,0.02377775455155778,False,0.02377775455155778
-0.02419278204702513,-0.024989846938923147,0.0007970648918980174,True,0.0007970648918980174
-0.012760390437823177,-0.022988736254450578,0.010228345816627401,True,0.010228345816627401
-0.01029714076764876,-0.023904765618514377,0.013607624850865616,True,0.013607624850865616
-0.011795952778617558,-0.02170175489933324,0.009905802120715682,True,0.009905802120715682
-0.01567427993364201,-0.023489767485975522,0.007815487552333512,True,0.007815487552333512
0.017411470635344983,-0.025285675084433877,0.04269714571977886,False,0.04269714571977886
0.012457805416941081,-0.026588298212404413,0.03904610362934549,False,0.03904610362934549
0.013680990932420256,-0.028190359033278278,0.04187134996569854,False,0.04187134996569854
0.003953880438442692,-0.024972341901606025,0.028926222340048716,False,0.028926222340048716
0.01683210928467016,-0.022119871648462155,0.03895198093313232,False,0.03895198093313232
0.019356070768910216,-0.024828021417424958,0.04418409218633518,False,0.04418409218633518
0.02076569167583786,-0.02500659867775485,0.04577229035359271,False,0.04577229035359271
0.023492192494904973,-0.02450222553520214,0.04799441803010711,False,0.04799441803010711
0.028855093379723584,-0.024346447801490943,0.05320154118121453,False,0.05320154118121453
0.012013192490141877,-0.018843034622645492,0.03085622711278737,False,0.03085622711278737
0.007102264873938724,-0.016436501489716013,0.023538766363654737,False,0.023538766363654737
-0.0027727195852735864,-0.0178978960694538,0.015125176484180214,True,0.015125176484180214
-0.017203698935536638,-0.01746726889628814,0.0002635699607515009,True,0.0002635699607515009
-0.013811486942367335,-0.017534573128710707,0.0037230861863433717,True,0.0037230861863433717
-0.014003448402892471,-0.022494021897051603,0.008490573494159132,True,0.008490573494159132
-0.016259671647706586,-0.02275146194424394,0.0064917902965373545,True,0.0064917902965373545
-0.0027804289350372713,-0.018319093498952974,0.015538664563915703,True,0.015538664563915703
0.011492118173580534,-0.018882735793773767,0.0303748539673543,False,0.0303748539673543
0.00855985854025021,-0.02797167555689417,0.03653153409714438,False,0.03653153409714438
0.0025808182649003086,-0.03118600380555475,0.03376682207045506,False,0.03376682207045506
0.0014308936722773336,-0.023611071858090846,0.02504196553036818,False,0.02504196553036818
-0.02314227390131529,-0.021953269432869592,-0.0011890044684456993,True,0.0011890044684456993
-0.033557729163923744,-0.022772627786591455,-0.010785101377332289,True,0.010785101377332289
-0.03036367389298189,-0.0214033979996597,-0.00896027589332219,True,0.00896027589332219
-0.02903091539803715,-0.024807177914693296,-0.004223737483343853,True,0.004223737483343853
-0.019198430339653405,-0.027796191592389673,0.008597761252736268,True,0.008597761252736268
0.004596855131794753,-0.020696686466558867,0.02529354159835362,False,0.02529354159835362
0.02263351696621041,-0.024607487364094887,0.0472410043303053,False,0.0472410043303053
0.025730741383284128,-0.03047212083397146,0.05620286221725559,False,0.05620286221725559
0.0472927858105181,-0.02130482820372595,0.06859761401424405,False,0.06859761401424405
0.03222919382307787,-0.024640159258159954,0.056869353081237826,False,0.056869353081237826
0.01914086627131506,-0.032464174226980974,0.051605040498296034,False,0.051605040498296034
0.013140417340833155,-0.025424508146041233,0.03856492548687439,False,0.03856492548687439
0.006929665399872054,-0.020673250299889378,0.02760291569976143,False,0.02760291569976143
0.003365588310136003,-0.021960383245296776,0.02532597155543278,False,0.02532597155543278
0.004939164575746391,-0.022386754804029713,0.027325919379776104,False,0.027325919379776104
0.0022154436543453393,-0.018350886038116097,0.020566329692461437,False,0.020566329692461437
0.004649041436837198,-0.024824904168913003,0.0294739456057502,False,0.0294739456057502
0.003915123107997021,-0.02504643387993192,0.02896155698792894,False,0.02896155698792894
-0.005731491891449614,-0.02297637485468897,0.017244882963239356,True,0.017244882963239356
-0.004242097572464298,-0.025617028642754825,0.021374931070290527,True,0.021374931070290527
-0.006104928966496392,-0.023851227699080376,0.017746298732583984,True,0.017746298732583984
-0.022806224190216606,-0.021841944220194982,-0.000964279970021624,True,0.000964279970021624
-0.01542710899630162,-0.02098994015862848,0.005562831162326861,True,0.005562831162326861
0.0012337582474888364,-0.02112285504665575,0.022356613294144588,False,0.022356613294144588
0.00899572531270243,-0.021344953790013565,0.030340679102715994,False,0.030340679102715994
0.0120780590097338,-0.015605734875780496,0.027683793885514296,False,0.027683793885514296
0.023338486955995386,-0.02495170678719971,0.0482901937431951,False,0.0482901937431951
0.01566883380322892,-0.027206867457717457,0.04287570126094638,False,0.04287570126094638
0.0065460584796415144,-0.026885659414866748,0.03343171789450826,False,0.03343171789450826
0.000314208714874864,-0.02726659854437818,0.027580807259253045,False,0.027580807259253045
-0.004562041749607171,-0.02408267694419882,0.01952063519459165,True,0.01952063519459165
-0.0027373644199482072,-0.01828860013393653,0.015551235713988323,True,0.015551235713988323
0.0,-0.025267279400517165,0.025267279400517165,False,0.025267279400517165
0.0,-0.025891122859890793,0.025891122859890793,False,0.025891122859890793
0.0,-0.020917525417302307,0.020917525417302307,False,0.020917525417302307
0.004582949355905086,-0.022598296209093736,0.027181245564998822,False,0.027181245564998822
0.0027448781517378507,-0.022132381807354738,0.02487725995909259,False,0.02487725995909259
0.0,-0.022586062219801587,0.022586062219801587,False,0.022586062219801587
0.0,-0.022564330273504594,0.022564330273504594,False,0.022564330273504594
0.0,-0.024270010115843926,0.024270010115843926,False,0.024270010115843926
0.0,-0.029586239433422645,0.029586239433422645,False,0.029586239433422645
0.0,-0.030156955538346165,0.030156955538346165,False,0.030156955538346165
-0.010897399342542635,-0.029361292168021517,0.018463892825478882,True,0.018463892825478882
0.0,-0.02892539232155545,0.02892539232155545,False,0.02892539232155545
0.0,-0.029359736032582143,0.029359736032582143,False,0.029359736032582143
0.0,-0.029579053970307842,0.029579053970307842,False,0.029579053970307842
0.0,-0.027567125873480803,0.027567125873480803,False,0.027567125873480803
0.011017461014963592,-0.028664224107147508,0.0396816851221111,False,0.0396816851221111
0.0,-0.030145442243847943,0.030145442243847943,False,0.030145442243847943
0.0,-0.03159437899815216,0.03159437899815216,False,0.03159437899815216
0.0,-0.03158063034227496,0.03158063034227496,False,0.03158063034227496
0.0,-0.031560157742912626,0.031560157742912626,False,0.031560157742912626
0.0,-0.033128115087371054,0.033128115087371054,False,0.033128115087371054
0.0,-0.03134292757900428,0.03134292757900428,False,0.03134292757900428
-0.010838971073173442,-0.03044619581753643,0.019607224744362987,True,0.019607224744362987
0.0,-0.03044619581753643,0.03044619581753643,False,0.03044619581753643
0.0,-0.03044619581753643,0.03044619581753643,False,0.03044619581753643
0.0,-0.030282090882670594,0.030282090882670594,False,0.030282090882670594
0.0,-0.03044619581753643,0.03044619581753643,False,0.03044619581753643
0.00538652437718623,-0.027676990103144308,0.03306351448033054,False,0.03306351448033054
-0.004810227884634255,-0.03130032483869276,0.026490096954058504,True,0.026490096954058504
-0.003204522555317668,-0.03024744808489152,0.027042925529573852,True,0.027042925529573852
0.0,-0.0306272824814095,0.0306272824814095,False,0.0306272824814095
-0.000825134026096741,-0.029184192478726133,0.028359058452629392,True,0.028359058452629392
0.005541368624325527,-0.03255228276673648,0.03809365139106201,False,0.03809365139106201
0.0009388322678931527,-0.031264722287073395,0.03220355455496655,False,0.03220355455496655
0.003214824533045224,-0.03249051084481756,0.03570533537786279,False,0.03570533537786279
0.0,-0.03120887289017365,0.03120887289017365,False,0.03120887289017365
0.0008258154345108792,-0.030875956502752315,0.031701771937263194,False,0.031701771937263194
0.0,-0.030001087184331664,0.030001087184331664,False,0.030001087184331664
0.003890992757915157,-0.032611818089024,0.036502810846939154,False,0.036502810846939154
-0.006883002009459016,-0.032113516299472324,0.025230514290013308,True,0.025230514290013308
0.0,-0.02979390357145366,0.02979390357145366,False,0.02979390357145366
-0.00545249214838861,-0.030143378937933632,0.024690886789545022,True,0.024690886789545022
-0.01848816066816361,-0.027952536344358344,0.009464375676194733,True,0.009464375676194733
-0.00989009240502281,-0.03000115483533701,0.0201110624303142,True,0.0201110624303142
-0.00463019229016759,-0.029307581779694412,0.024677389489526823,True,0.024677389489526823
-0.01272207667220171,-0.03100323120189813,0.01828115452969642,True,0.01828115452969642
-0.022383394592667916,-0.03169907743119326,0.009315682838525345,True,0.009315682838525345
-0.015006367038130297,-0.030060257318944593,0.015053890280814296,True,0.015053890280814296
-0.013622906724198747,-0.026987091565525145,0.013364184841326399,True,0.013364184841326399
-0.009436225965116618,-0.02615380760425281,0.01671758163913619,True,0.01671758163913619
-0.02203069077916542,-0.022963675812928765,0.000932985033763347,True,0.000932985033763347
-0.009398507121884059,-0.01979816269948274,0.010399655577598681,True,0.010399655577598681
-0.018041555783047003,-0.0182157805184837,0.00017422473543669825,True,0.00017422473543669825
-0.017727429654429083,-0.024918824207929992,0.0071913945535009086,True,0.0071913945535009086
-0.023593262587030095,-0.02694120454425679,0.003347941957226694,True,0.003347941957226694
-0.0042577489365112076,-0.018128872876041015,0.013871123939529807,True,0.013871123939529807
-0.019624475951098286,-0.01680062020174527,-0.0028238557493530173,True,0.0028238557493530173
-0.022326009999274476,-0.007769164351534994,-0.014556845647739482,True,0.014556845647739482
-0.035719787001853076,-0.017375898939231714,-0.018343888062621362,True,0.018343888062621362
-0.004347906935542323,-0.017476763972708486,0.013128857037166163,True,0.013128857037166163
-0.002405555665517034,-0.029216936818546133,0.0268113811530291,True,0.0268113811530291
0.01664882386529487,-0.017695001236133896,0.03434382510142876,False,0.03434382510142876
0.03917419414952317,-0.004415283281781582,0.04358947743130475,False,0.04358947743130475
0.04311913740091455,-0.0028595409936973465,0.0459786783946119,False,0.0459786783946119
0.03947163306905166,-0.02645754182101345,0.06592917489006511,False,0.06592917489006511
0.03765030107721601,-0.03062822658220655,0.06827852765942255,False,0.06827852765942255
